,Unnamed: 0,Index,identity,emotion_idx,emotion_cat,type
2,3,3,115,1,Neutral,simple
3,4,4,116,1,Neutral,simple
5,6,6,119,1,Neutral,simple
6,7,7,123,1,Neutral,simple
7,8,8,128,1,Neutral,simple
9,10,10,132,1,Neutral,simple
13,14,14,144,1,Neutral,simple
17,18,18,174,1,Neutral,simple
18,19,19,179,1,Neutral,simple
20,21,21,182,1,Neutral,simple
21,22,22,183,1,Neutral,simple
23,24,24,188,1,Neutral,simple
26,27,27,193,1,Neutral,simple
27,28,28,195,1,Neutral,simple
28,29,29,196,1,Neutral,simple
29,30,30,198,1,Neutral,simple
30,31,31,201,1,Neutral,simple
33,34,34,208,1,Neutral,simple
37,38,38,217,1,Neutral,simple
38,39,39,218,1,Neutral,simple
40,41,41,222,1,Neutral,simple
41,42,42,223,1,Neutral,simple
42,43,43,224,1,Neutral,simple
43,44,44,227,1,Neutral,simple
44,45,45,228,1,Neutral,simple
46,47,47,233,1,Neutral,simple
48,49,49,239,1,Neutral,simple
49,50,50,240,1,Neutral,simple
51,52,52,242,1,Neutral,simple
52,53,53,252,1,Neutral,simple
53,54,54,253,1,Neutral,simple
56,57,57,262,1,Neutral,simple
57,58,58,263,1,Neutral,simple
62,63,63,270,1,Neutral,simple
63,64,64,271,1,Neutral,simple
66,67,67,281,1,Neutral,simple
67,68,68,283,1,Neutral,simple
68,69,69,285,1,Neutral,simple
69,70,70,286,1,Neutral,simple
72,73,73,294,1,Neutral,simple
73,74,74,296,1,Neutral,simple
75,76,76,300,1,Neutral,simple
76,77,77,301,1,Neutral,simple
77,78,78,302,1,Neutral,simple
78,79,79,304,1,Neutral,simple
79,80,80,305,1,Neutral,simple
87,88,88,325,1,Neutral,simple
89,90,90,334,1,Neutral,simple
90,91,91,336,1,Neutral,simple
91,92,92,343,1,Neutral,simple
93,94,94,346,1,Neutral,simple
96,97,97,355,1,Neutral,simple
97,98,98,357,1,Neutral,simple
102,103,103,376,1,Neutral,simple
103,104,104,377,1,Neutral,simple
104,105,105,380,1,Neutral,simple
105,106,106,382,1,Neutral,simple
108,109,109,388,1,Neutral,simple
114,115,115,115,2,Happy,simple
115,116,116,117,2,Happy,simple
117,118,118,122,2,Happy,simple
118,119,119,123,2,Happy,simple
119,120,120,124,2,Happy,simple
122,123,123,130,2,Happy,simple
123,124,124,131,2,Happy,simple
126,127,127,140,2,Happy,simple
129,130,130,144,2,Happy,simple
132,133,133,173,2,Happy,simple
135,136,136,178,2,Happy,simple
139,140,140,182,2,Happy,simple
140,141,141,184,2,Happy,simple
142,143,143,189,2,Happy,simple
144,145,145,193,2,Happy,simple
145,146,146,195,2,Happy,simple
146,147,147,198,2,Happy,simple
150,151,151,205,2,Happy,simple
151,152,152,206,2,Happy,simple
156,157,157,219,2,Happy,simple
157,158,158,222,2,Happy,simple
161,162,162,230,2,Happy,simple
166,167,167,238,2,Happy,simple
167,168,168,239,2,Happy,simple
169,170,170,242,2,Happy,simple
172,173,173,254,2,Happy,simple
174,175,175,256,2,Happy,simple
176,177,177,265,2,Happy,simple
177,178,178,266,2,Happy,simple
179,180,180,272,2,Happy,simple
180,181,181,274,2,Happy,simple
181,182,182,276,2,Happy,simple
182,183,183,277,2,Happy,simple
184,185,185,284,2,Happy,simple
187,188,188,287,2,Happy,simple
188,189,189,288,2,Happy,simple
189,190,190,290,2,Happy,simple
191,192,192,294,2,Happy,simple
192,193,193,295,2,Happy,simple
193,194,194,298,2,Happy,simple
194,195,195,301,2,Happy,simple
197,198,198,306,2,Happy,simple
199,200,200,309,2,Happy,simple
201,202,202,318,2,Happy,simple
203,204,204,326,2,Happy,simple
208,209,209,344,2,Happy,simple
210,211,211,347,2,Happy,simple
211,212,212,349,2,Happy,simple
213,214,214,355,2,Happy,simple
214,215,215,357,2,Happy,simple
215,216,216,361,2,Happy,simple
217,218,218,369,2,Happy,simple
218,219,219,373,2,Happy,simple
221,222,222,379,2,Happy,simple
222,223,223,380,2,Happy,simple
224,225,225,388,2,Happy,simple
225,226,226,392,2,Happy,simple
226,227,227,110,3,Sad,simple
228,229,229,115,3,Sad,simple
229,230,230,116,3,Sad,simple
230,231,231,118,3,Sad,simple
231,232,232,119,3,Sad,simple
235,236,236,127,3,Sad,simple
238,239,239,130,3,Sad,simple
240,241,241,132,3,Sad,simple
242,243,243,140,3,Sad,simple
244,245,245,144,3,Sad,simple
245,246,246,148,3,Sad,simple
248,249,249,176,3,Sad,simple
250,251,251,179,3,Sad,simple
253,254,254,184,3,Sad,simple
254,255,255,187,3,Sad,simple
255,256,256,189,3,Sad,simple
257,258,258,192,3,Sad,simple
258,259,259,195,3,Sad,simple
259,260,260,197,3,Sad,simple
260,261,261,198,3,Sad,simple
262,263,263,202,3,Sad,simple
265,266,266,205,3,Sad,simple
266,267,267,207,3,Sad,simple
268,269,269,210,3,Sad,simple
269,270,270,212,3,Sad,simple
270,271,271,214,3,Sad,simple
271,272,272,216,3,Sad,simple
272,273,273,217,3,Sad,simple
273,274,274,219,3,Sad,simple
274,275,275,221,3,Sad,simple
276,277,277,223,3,Sad,simple
277,278,278,224,3,Sad,simple
280,281,281,230,3,Sad,simple
281,282,282,231,3,Sad,simple
283,284,284,236,3,Sad,simple
284,285,285,238,3,Sad,simple
286,287,287,243,3,Sad,simple
287,288,288,250,3,Sad,simple
289,290,290,254,3,Sad,simple
291,292,292,256,3,Sad,simple
293,294,294,258,3,Sad,simple
294,295,295,259,3,Sad,simple
302,303,303,271,3,Sad,simple
305,306,306,276,3,Sad,simple
306,307,307,277,3,Sad,simple
309,310,310,284,3,Sad,simple
312,313,313,289,3,Sad,simple
315,316,316,296,3,Sad,simple
317,318,318,301,3,Sad,simple
318,319,319,302,3,Sad,simple
322,323,323,310,3,Sad,simple
323,324,324,311,3,Sad,simple
325,326,326,319,3,Sad,simple
327,328,328,322,3,Sad,simple
331,332,332,328,3,Sad,simple
332,333,333,331,3,Sad,simple
336,337,337,337,3,Sad,simple
337,338,338,338,3,Sad,simple
338,339,339,339,3,Sad,simple
339,340,340,345,3,Sad,simple
341,342,342,349,3,Sad,simple
343,344,344,351,3,Sad,simple
345,346,346,356,3,Sad,simple
346,347,347,361,3,Sad,simple
348,349,349,367,3,Sad,simple
350,351,351,370,3,Sad,simple
351,352,352,373,3,Sad,simple
353,354,354,375,3,Sad,simple
356,357,357,383,3,Sad,simple
358,359,359,389,3,Sad,simple
359,360,360,390,3,Sad,simple
360,361,361,391,3,Sad,simple
361,362,362,111,4,Angry,simple
365,366,366,124,4,Angry,simple
367,368,368,126,4,Angry,simple
368,369,369,127,4,Angry,simple
371,372,372,131,4,Angry,simple
372,373,373,132,4,Angry,simple
373,374,374,134,4,Angry,simple
374,375,375,140,4,Angry,simple
375,376,376,144,4,Angry,simple
376,377,377,173,4,Angry,simple
378,379,379,181,4,Angry,simple
383,384,384,190,4,Angry,simple
385,386,386,193,4,Angry,simple
386,387,387,194,4,Angry,simple
389,390,390,198,4,Angry,simple
391,392,392,200,4,Angry,simple
392,393,393,201,4,Angry,simple
393,394,394,202,4,Angry,simple
395,396,396,209,4,Angry,simple
396,397,397,211,4,Angry,simple
397,398,398,215,4,Angry,simple
398,399,399,217,4,Angry,simple
400,401,401,221,4,Angry,simple
404,405,405,228,4,Angry,simple
405,406,406,229,4,Angry,simple
406,407,407,231,4,Angry,simple
407,408,408,233,4,Angry,simple
408,409,409,236,4,Angry,simple
411,412,412,241,4,Angry,simple
414,415,415,255,4,Angry,simple
415,416,416,257,4,Angry,simple
416,417,417,258,4,Angry,simple
419,420,420,267,4,Angry,simple
421,422,422,270,4,Angry,simple
422,423,423,271,4,Angry,simple
424,425,425,277,4,Angry,simple
426,427,427,285,4,Angry,simple
429,430,430,294,4,Angry,simple
432,433,433,300,4,Angry,simple
433,434,434,301,4,Angry,simple
436,437,437,313,4,Angry,simple
437,438,438,314,4,Angry,simple
440,441,441,319,4,Angry,simple
441,442,442,320,4,Angry,simple
442,443,443,322,4,Angry,simple
443,444,444,323,4,Angry,simple
444,445,445,325,4,Angry,simple
445,446,446,326,4,Angry,simple
447,448,448,332,4,Angry,simple
448,449,449,333,4,Angry,simple
451,452,452,337,4,Angry,simple
452,453,453,341,4,Angry,simple
453,454,454,343,4,Angry,simple
454,455,455,347,4,Angry,simple
455,456,456,348,4,Angry,simple
456,457,457,350,4,Angry,simple
457,458,458,351,4,Angry,simple
458,459,459,352,4,Angry,simple
459,460,460,353,4,Angry,simple
460,461,461,355,4,Angry,simple
464,465,465,361,4,Angry,simple
466,467,467,363,4,Angry,simple
467,468,468,365,4,Angry,simple
468,469,469,367,4,Angry,simple
469,470,470,368,4,Angry,simple
470,471,471,373,4,Angry,simple
472,473,473,378,4,Angry,simple
475,476,476,387,4,Angry,simple
477,478,478,390,4,Angry,simple
478,479,479,391,4,Angry,simple
479,480,480,110,5,Surprised,simple
480,481,481,114,5,Surprised,simple
481,482,482,115,5,Surprised,simple
482,483,483,116,5,Surprised,simple
487,488,488,123,5,Surprised,simple
488,489,489,126,5,Surprised,simple
490,491,491,130,5,Surprised,simple
493,494,494,135,5,Surprised,simple
494,495,495,140,5,Surprised,simple
495,496,496,142,5,Surprised,simple
499,500,500,181,5,Surprised,simple
501,502,502,185,5,Surprised,simple
502,503,503,189,5,Surprised,simple
503,504,504,190,5,Surprised,simple
504,505,505,192,5,Surprised,simple
505,506,506,194,5,Surprised,simple
506,507,507,197,5,Surprised,simple
508,509,509,203,5,Surprised,simple
511,512,512,208,5,Surprised,simple
512,513,513,212,5,Surprised,simple
514,515,515,215,5,Surprised,simple
515,516,516,216,5,Surprised,simple
520,521,521,227,5,Surprised,simple
524,525,525,233,5,Surprised,simple
525,526,526,236,5,Surprised,simple
531,532,532,251,5,Surprised,simple
532,533,533,257,5,Surprised,simple
533,534,534,260,5,Surprised,simple
535,536,536,268,5,Surprised,simple
536,537,537,269,5,Surprised,simple
539,540,540,283,5,Surprised,simple
541,542,542,285,5,Surprised,simple
542,543,543,287,5,Surprised,simple
546,547,547,294,5,Surprised,simple
547,548,548,298,5,Surprised,simple
548,549,549,299,5,Surprised,simple
550,551,551,306,5,Surprised,simple
556,557,557,318,5,Surprised,simple
557,558,558,319,5,Surprised,simple
559,560,560,328,5,Surprised,simple
560,561,561,331,5,Surprised,simple
563,564,564,337,5,Surprised,simple
564,565,565,338,5,Surprised,simple
565,566,566,339,5,Surprised,simple
567,568,568,347,5,Surprised,simple
568,569,569,348,5,Surprised,simple
570,571,571,352,5,Surprised,simple
572,573,573,360,5,Surprised,simple
575,576,576,367,5,Surprised,simple
577,578,578,370,5,Surprised,simple
578,579,579,375,5,Surprised,simple
580,581,581,377,5,Surprised,simple
582,583,583,380,5,Surprised,simple
583,584,584,383,5,Surprised,simple
585,586,586,387,5,Surprised,simple
588,589,589,110,6,Disgusted,simple
591,592,592,114,6,Disgusted,simple
594,595,595,121,6,Disgusted,simple
595,596,596,127,6,Disgusted,simple
596,597,597,128,6,Disgusted,simple
601,602,602,144,6,Disgusted,simple
602,603,603,173,6,Disgusted,simple
604,605,605,180,6,Disgusted,simple
605,606,606,181,6,Disgusted,simple
607,608,608,183,6,Disgusted,simple
608,609,609,189,6,Disgusted,simple
609,610,610,190,6,Disgusted,simple
612,613,613,194,6,Disgusted,simple
616,617,617,207,6,Disgusted,simple
618,619,619,210,6,Disgusted,simple
620,621,621,213,6,Disgusted,simple
621,622,622,214,6,Disgusted,simple
623,624,624,217,6,Disgusted,simple
626,627,627,222,6,Disgusted,simple
630,631,631,237,6,Disgusted,simple
631,632,632,238,6,Disgusted,simple
634,635,635,242,6,Disgusted,simple
635,636,636,253,6,Disgusted,simple
636,637,637,256,6,Disgusted,simple
638,639,639,258,6,Disgusted,simple
639,640,640,259,6,Disgusted,simple
640,641,641,264,6,Disgusted,simple
641,642,642,265,6,Disgusted,simple
642,643,643,266,6,Disgusted,simple
643,644,644,267,6,Disgusted,simple
646,647,647,282,6,Disgusted,simple
648,649,649,285,6,Disgusted,simple
651,652,652,289,6,Disgusted,simple
652,653,653,292,6,Disgusted,simple
653,654,654,294,6,Disgusted,simple
654,655,655,298,6,Disgusted,simple
657,658,658,302,6,Disgusted,simple
658,659,659,304,6,Disgusted,simple
659,660,660,305,6,Disgusted,simple
661,662,662,307,6,Disgusted,simple
664,665,665,336,6,Disgusted,simple
665,666,666,337,6,Disgusted,simple
668,669,669,341,6,Disgusted,simple
669,670,670,344,6,Disgusted,simple
670,671,671,346,6,Disgusted,simple
671,672,672,348,6,Disgusted,simple
672,673,673,349,6,Disgusted,simple
673,674,674,350,6,Disgusted,simple
674,675,675,352,6,Disgusted,simple
679,680,680,365,6,Disgusted,simple
680,681,681,366,6,Disgusted,simple
681,682,682,368,6,Disgusted,simple
682,683,683,370,6,Disgusted,simple
686,687,687,382,6,Disgusted,simple
687,688,688,383,6,Disgusted,simple
689,690,690,389,6,Disgusted,simple
696,697,697,117,7,Fearful,simple
701,702,702,127,7,Fearful,simple
703,704,704,131,7,Fearful,simple
704,705,705,132,7,Fearful,simple
705,706,706,133,7,Fearful,simple
707,708,708,141,7,Fearful,simple
709,710,710,173,7,Fearful,simple
710,711,711,174,7,Fearful,simple
712,713,713,179,7,Fearful,simple
716,717,717,187,7,Fearful,simple
717,718,718,190,7,Fearful,simple
719,720,720,194,7,Fearful,simple
720,721,721,197,7,Fearful,simple
725,726,726,206,7,Fearful,simple
726,727,727,210,7,Fearful,simple
729,730,730,215,7,Fearful,simple
730,731,731,217,7,Fearful,simple
732,733,733,219,7,Fearful,simple
733,734,734,223,7,Fearful,simple
734,735,735,224,7,Fearful,simple
735,736,736,228,7,Fearful,simple
736,737,737,229,7,Fearful,simple
737,738,738,231,7,Fearful,simple
739,740,740,233,7,Fearful,simple
740,741,741,236,7,Fearful,simple
745,746,746,242,7,Fearful,simple
746,747,747,250,7,Fearful,simple
747,748,748,252,7,Fearful,simple
751,752,752,258,7,Fearful,simple
753,754,754,261,7,Fearful,simple
754,755,755,263,7,Fearful,simple
755,756,756,264,7,Fearful,simple
758,759,759,268,7,Fearful,simple
760,761,761,272,7,Fearful,simple
761,762,762,273,7,Fearful,simple
762,763,763,277,7,Fearful,simple
768,769,769,292,7,Fearful,simple
771,772,772,295,7,Fearful,simple
773,774,774,304,7,Fearful,simple
776,777,777,309,7,Fearful,simple
777,778,778,310,7,Fearful,simple
778,779,779,312,7,Fearful,simple
780,781,781,326,7,Fearful,simple
782,783,783,334,7,Fearful,simple
784,785,785,337,7,Fearful,simple
786,787,787,339,7,Fearful,simple
790,791,791,359,7,Fearful,simple
791,792,792,360,7,Fearful,simple
792,793,793,361,7,Fearful,simple
796,797,797,367,7,Fearful,simple
799,800,800,374,7,Fearful,simple
801,802,802,377,7,Fearful,simple
804,805,805,389,7,Fearful,simple
808,809,809,114,8,Happily surprised,compound
810,811,811,118,8,Happily surprised,compound
812,813,813,123,8,Happily surprised,compound
813,814,814,124,8,Happily surprised,compound
814,815,815,125,8,Happily surprised,compound
815,816,816,127,8,Happily surprised,compound
816,817,817,128,8,Happily surprised,compound
817,818,818,130,8,Happily surprised,compound
818,819,819,131,8,Happily surprised,compound
820,821,821,140,8,Happily surprised,compound
821,822,822,141,8,Happily surprised,compound
822,823,823,142,8,Happily surprised,compound
824,825,825,148,8,Happily surprised,compound
829,830,830,177,8,Happily surprised,compound
831,832,832,181,8,Happily surprised,compound
832,833,833,182,8,Happily surprised,compound
833,834,834,183,8,Happily surprised,compound
834,835,835,184,8,Happily surprised,compound
835,836,836,187,8,Happily surprised,compound
836,837,837,188,8,Happily surprised,compound
838,839,839,192,8,Happily surprised,compound
839,840,840,193,8,Happily surprised,compound
840,841,841,196,8,Happily surprised,compound
841,842,842,197,8,Happily surprised,compound
845,846,846,206,8,Happily surprised,compound
847,848,848,208,8,Happily surprised,compound
849,850,850,212,8,Happily surprised,compound
854,855,855,220,8,Happily surprised,compound
855,856,856,222,8,Happily surprised,compound
858,859,859,226,8,Happily surprised,compound
859,860,860,227,8,Happily surprised,compound
861,862,862,231,8,Happily surprised,compound
865,866,866,242,8,Happily surprised,compound
866,867,867,250,8,Happily surprised,compound
867,868,868,252,8,Happily surprised,compound
868,869,869,254,8,Happily surprised,compound
869,870,870,256,8,Happily surprised,compound
872,873,873,264,8,Happily surprised,compound
874,875,875,267,8,Happily surprised,compound
875,876,876,274,8,Happily surprised,compound
877,878,878,278,8,Happily surprised,compound
879,880,880,284,8,Happily surprised,compound
881,882,882,290,8,Happily surprised,compound
882,883,883,292,8,Happily surprised,compound
883,884,884,293,8,Happily surprised,compound
887,888,888,305,8,Happily surprised,compound
888,889,889,306,8,Happily surprised,compound
889,890,890,307,8,Happily surprised,compound
893,894,894,315,8,Happily surprised,compound
895,896,896,326,8,Happily surprised,compound
897,898,898,328,8,Happily surprised,compound
899,900,900,336,8,Happily surprised,compound
900,901,901,337,8,Happily surprised,compound
901,902,902,339,8,Happily surprised,compound
902,903,903,345,8,Happily surprised,compound
904,905,905,352,8,Happily surprised,compound
906,907,907,356,8,Happily surprised,compound
907,908,908,357,8,Happily surprised,compound
908,909,909,359,8,Happily surprised,compound
913,914,914,368,8,Happily surprised,compound
914,915,915,369,8,Happily surprised,compound
918,919,919,379,8,Happily surprised,compound
921,922,922,382,8,Happily surprised,compound
922,923,923,383,8,Happily surprised,compound
923,924,924,386,8,Happily surprised,compound
928,929,929,115,9,Happily disgusted,compound
931,932,932,123,9,Happily disgusted,compound
934,935,935,129,9,Happily disgusted,compound
935,936,936,132,9,Happily disgusted,compound
936,937,937,144,9,Happily disgusted,compound
939,940,940,175,9,Happily disgusted,compound
940,941,941,177,9,Happily disgusted,compound
941,942,942,178,9,Happily disgusted,compound
944,945,945,183,9,Happily disgusted,compound
945,946,946,184,9,Happily disgusted,compound
946,947,947,188,9,Happily disgusted,compound
947,948,948,190,9,Happily disgusted,compound
948,949,949,192,9,Happily disgusted,compound
950,951,951,195,9,Happily disgusted,compound
959,960,960,214,9,Happily disgusted,compound
960,961,961,217,9,Happily disgusted,compound
961,962,962,218,9,Happily disgusted,compound
966,967,967,227,9,Happily disgusted,compound
968,969,969,229,9,Happily disgusted,compound
969,970,970,230,9,Happily disgusted,compound
970,971,971,234,9,Happily disgusted,compound
972,973,973,239,9,Happily disgusted,compound
973,974,974,240,9,Happily disgusted,compound
975,976,976,252,9,Happily disgusted,compound
976,977,977,253,9,Happily disgusted,compound
978,979,979,257,9,Happily disgusted,compound
979,980,980,260,9,Happily disgusted,compound
980,981,981,262,9,Happily disgusted,compound
981,982,982,264,9,Happily disgusted,compound
982,983,983,268,9,Happily disgusted,compound
983,984,984,270,9,Happily disgusted,compound
984,985,985,271,9,Happily disgusted,compound
987,988,988,274,9,Happily disgusted,compound
994,995,995,292,9,Happily disgusted,compound
995,996,996,302,9,Happily disgusted,compound
996,997,997,309,9,Happily disgusted,compound
998,999,999,311,9,Happily disgusted,compound
999,1000,1000,312,9,Happily disgusted,compound
1000,1001,1001,313,9,Happily disgusted,compound
1001,1002,1002,314,9,Happily disgusted,compound
1002,1003,1003,315,9,Happily disgusted,compound
1003,1004,1004,322,9,Happily disgusted,compound
1004,1005,1005,323,9,Happily disgusted,compound
1005,1006,1006,325,9,Happily disgusted,compound
1007,1008,1008,331,9,Happily disgusted,compound
1008,1009,1009,333,9,Happily disgusted,compound
1009,1010,1010,335,9,Happily disgusted,compound
1010,1011,1011,336,9,Happily disgusted,compound
1011,1012,1012,339,9,Happily disgusted,compound
1012,1013,1013,343,9,Happily disgusted,compound
1017,1018,1018,356,9,Happily disgusted,compound
1018,1019,1019,357,9,Happily disgusted,compound
1019,1020,1020,359,9,Happily disgusted,compound
1020,1021,1021,363,9,Happily disgusted,compound
1021,1022,1022,364,9,Happily disgusted,compound
1022,1023,1023,367,9,Happily disgusted,compound
1023,1024,1024,368,9,Happily disgusted,compound
1025,1026,1026,375,9,Happily disgusted,compound
1026,1027,1027,376,9,Happily disgusted,compound
1027,1028,1028,378,9,Happily disgusted,compound
1028,1029,1029,381,9,Happily disgusted,compound
1029,1030,1030,382,9,Happily disgusted,compound
1031,1032,1032,386,9,Happily disgusted,compound
1032,1033,1033,387,9,Happily disgusted,compound
1033,1034,1034,391,9,Happily disgusted,compound
1034,1035,1035,393,9,Happily disgusted,compound
1037,1038,1038,117,10,Sadly angry,compound
1038,1039,1039,119,10,Sadly angry,compound
1039,1040,1040,121,10,Sadly angry,compound
1040,1041,1041,127,10,Sadly angry,compound
1042,1043,1043,130,10,Sadly angry,compound
1043,1044,1044,131,10,Sadly angry,compound
1045,1046,1046,134,10,Sadly angry,compound
1046,1047,1047,135,10,Sadly angry,compound
1047,1048,1048,142,10,Sadly angry,compound
1048,1049,1049,148,10,Sadly angry,compound
1050,1051,1051,173,10,Sadly angry,compound
1051,1052,1052,176,10,Sadly angry,compound
1052,1053,1053,177,10,Sadly angry,compound
1053,1054,1054,184,10,Sadly angry,compound
1054,1055,1055,187,10,Sadly angry,compound
1059,1060,1060,196,10,Sadly angry,compound
1060,1061,1061,198,10,Sadly angry,compound
1063,1064,1064,207,10,Sadly angry,compound
1064,1065,1065,208,10,Sadly angry,compound
1065,1066,1066,209,10,Sadly angry,compound
1066,1067,1067,211,10,Sadly angry,compound
1068,1069,1069,213,10,Sadly angry,compound
1069,1070,1070,214,10,Sadly angry,compound
1070,1071,1071,215,10,Sadly angry,compound
1071,1072,1072,216,10,Sadly angry,compound
1072,1073,1073,219,10,Sadly angry,compound
1074,1075,1075,223,10,Sadly angry,compound
1075,1076,1076,224,10,Sadly angry,compound
1079,1080,1080,232,10,Sadly angry,compound
1081,1082,1082,234,10,Sadly angry,compound
1082,1083,1083,235,10,Sadly angry,compound
1084,1085,1085,239,10,Sadly angry,compound
1085,1086,1086,241,10,Sadly angry,compound
1087,1088,1088,254,10,Sadly angry,compound
1088,1089,1089,258,10,Sadly angry,compound
1090,1091,1091,261,10,Sadly angry,compound
1091,1092,1092,262,10,Sadly angry,compound
1092,1093,1093,263,10,Sadly angry,compound
1094,1095,1095,265,10,Sadly angry,compound
1095,1096,1096,266,10,Sadly angry,compound
1096,1097,1097,270,10,Sadly angry,compound
1098,1099,1099,273,10,Sadly angry,compound
1101,1102,1102,284,10,Sadly angry,compound
1103,1104,1104,286,10,Sadly angry,compound
1104,1105,1105,287,10,Sadly angry,compound
1105,1106,1106,288,10,Sadly angry,compound
1106,1107,1107,289,10,Sadly angry,compound
1108,1109,1109,294,10,Sadly angry,compound
1110,1111,1111,299,10,Sadly angry,compound
1112,1113,1113,304,10,Sadly angry,compound
1113,1114,1114,305,10,Sadly angry,compound
1114,1115,1115,309,10,Sadly angry,compound
1115,1116,1116,310,10,Sadly angry,compound
1116,1117,1117,322,10,Sadly angry,compound
1117,1118,1118,325,10,Sadly angry,compound
1118,1119,1119,331,10,Sadly angry,compound
1119,1120,1120,333,10,Sadly angry,compound
1120,1121,1121,337,10,Sadly angry,compound
1122,1123,1123,341,10,Sadly angry,compound
1123,1124,1124,343,10,Sadly angry,compound
1124,1125,1125,344,10,Sadly angry,compound
1126,1127,1127,348,10,Sadly angry,compound
1127,1128,1128,350,10,Sadly angry,compound
1128,1129,1129,353,10,Sadly angry,compound
1129,1130,1130,357,10,Sadly angry,compound
1130,1131,1131,361,10,Sadly angry,compound
1133,1134,1134,370,10,Sadly angry,compound
1135,1136,1136,375,10,Sadly angry,compound
1141,1142,1142,390,10,Sadly angry,compound
1142,1143,1143,113,11,Angrily disgusted,compound
1143,1144,1144,116,11,Angrily disgusted,compound
1144,1145,1145,118,11,Angrily disgusted,compound
1145,1146,1146,119,11,Angrily disgusted,compound
1147,1148,1148,123,11,Angrily disgusted,compound
1153,1154,1154,134,11,Angrily disgusted,compound
1155,1156,1156,177,11,Angrily disgusted,compound
1157,1158,1158,180,11,Angrily disgusted,compound
1160,1161,1161,185,11,Angrily disgusted,compound
1161,1162,1162,191,11,Angrily disgusted,compound
1163,1164,1164,195,11,Angrily disgusted,compound
1164,1165,1165,197,11,Angrily disgusted,compound
1165,1166,1166,198,11,Angrily disgusted,compound
1166,1167,1167,200,11,Angrily disgusted,compound
1169,1170,1170,203,11,Angrily disgusted,compound
1170,1171,1171,204,11,Angrily disgusted,compound
1172,1173,1173,210,11,Angrily disgusted,compound
1174,1175,1175,213,11,Angrily disgusted,compound
1176,1177,1177,215,11,Angrily disgusted,compound
1178,1179,1179,217,11,Angrily disgusted,compound
1179,1180,1180,218,11,Angrily disgusted,compound
1180,1181,1181,221,11,Angrily disgusted,compound
1181,1182,1182,223,11,Angrily disgusted,compound
1182,1183,1183,224,11,Angrily disgusted,compound
1183,1184,1184,225,11,Angrily disgusted,compound
1187,1188,1188,232,11,Angrily disgusted,compound
1188,1189,1189,233,11,Angrily disgusted,compound
1190,1191,1191,235,11,Angrily disgusted,compound
1191,1192,1192,236,11,Angrily disgusted,compound
1192,1193,1193,237,11,Angrily disgusted,compound
1197,1198,1198,252,11,Angrily disgusted,compound
1199,1200,1200,255,11,Angrily disgusted,compound
1200,1201,1201,256,11,Angrily disgusted,compound
1204,1205,1205,264,11,Angrily disgusted,compound
1206,1207,1207,266,11,Angrily disgusted,compound
1209,1210,1210,271,11,Angrily disgusted,compound
1210,1211,1211,272,11,Angrily disgusted,compound
1213,1214,1214,277,11,Angrily disgusted,compound
1214,1215,1215,278,11,Angrily disgusted,compound
1215,1216,1216,280,11,Angrily disgusted,compound
1217,1218,1218,285,11,Angrily disgusted,compound
1218,1219,1219,287,11,Angrily disgusted,compound
1219,1220,1220,289,11,Angrily disgusted,compound
1222,1223,1223,305,11,Angrily disgusted,compound
1223,1224,1224,306,11,Angrily disgusted,compound
1224,1225,1225,310,11,Angrily disgusted,compound
1225,1226,1226,311,11,Angrily disgusted,compound
1226,1227,1227,314,11,Angrily disgusted,compound
1230,1231,1231,325,11,Angrily disgusted,compound
1233,1234,1234,331,11,Angrily disgusted,compound
1235,1236,1236,336,11,Angrily disgusted,compound
1236,1237,1237,339,11,Angrily disgusted,compound
1237,1238,1238,344,11,Angrily disgusted,compound
1240,1241,1241,348,11,Angrily disgusted,compound
1242,1243,1243,355,11,Angrily disgusted,compound
1245,1246,1246,360,11,Angrily disgusted,compound
1246,1247,1247,362,11,Angrily disgusted,compound
1248,1249,1249,366,11,Angrily disgusted,compound
1250,1251,1251,368,11,Angrily disgusted,compound
1252,1253,1253,370,11,Angrily disgusted,compound
1256,1257,1257,378,11,Angrily disgusted,compound
1257,1258,1258,379,11,Angrily disgusted,compound
1258,1259,1259,380,11,Angrily disgusted,compound
1259,1260,1260,382,11,Angrily disgusted,compound
1262,1263,1263,387,11,Angrily disgusted,compound
1264,1265,1265,393,11,Angrily disgusted,compound
1269,1270,1270,118,12,Appalled,compound
1270,1271,1271,119,12,Appalled,compound
1272,1273,1273,129,12,Appalled,compound
1273,1274,1274,130,12,Appalled,compound
1274,1275,1275,132,12,Appalled,compound
1275,1276,1276,133,12,Appalled,compound
1276,1277,1277,134,12,Appalled,compound
1278,1279,1279,140,12,Appalled,compound
1279,1280,1280,141,12,Appalled,compound
1280,1281,1281,142,12,Appalled,compound
1281,1282,1282,144,12,Appalled,compound
1282,1283,1283,175,12,Appalled,compound
1284,1285,1285,179,12,Appalled,compound
1285,1286,1286,181,12,Appalled,compound
1286,1287,1287,182,12,Appalled,compound
1287,1288,1288,184,12,Appalled,compound
1288,1289,1289,190,12,Appalled,compound
1290,1291,1291,194,12,Appalled,compound
1291,1292,1292,195,12,Appalled,compound
1293,1294,1294,199,12,Appalled,compound
1296,1297,1297,203,12,Appalled,compound
1297,1298,1298,204,12,Appalled,compound
1298,1299,1299,206,12,Appalled,compound
1302,1303,1303,212,12,Appalled,compound
1303,1304,1304,215,12,Appalled,compound
1304,1305,1305,218,12,Appalled,compound
1308,1309,1309,228,12,Appalled,compound
1309,1310,1310,229,12,Appalled,compound
1312,1313,1313,233,12,Appalled,compound
1313,1314,1314,235,12,Appalled,compound
1315,1316,1316,237,12,Appalled,compound
1316,1317,1317,238,12,Appalled,compound
1317,1318,1318,240,12,Appalled,compound
1318,1319,1319,241,12,Appalled,compound
1319,1320,1320,242,12,Appalled,compound
1320,1321,1321,243,12,Appalled,compound
1321,1322,1322,251,12,Appalled,compound
1322,1323,1323,253,12,Appalled,compound
1323,1324,1324,254,12,Appalled,compound
1324,1325,1325,256,12,Appalled,compound
1325,1326,1326,257,12,Appalled,compound
1328,1329,1329,264,12,Appalled,compound
1330,1331,1331,268,12,Appalled,compound
1332,1333,1333,273,12,Appalled,compound
1333,1334,1334,276,12,Appalled,compound
1334,1335,1335,280,12,Appalled,compound
1338,1339,1339,286,12,Appalled,compound
1339,1340,1340,287,12,Appalled,compound
1340,1341,1341,289,12,Appalled,compound
1341,1342,1342,292,12,Appalled,compound
1342,1343,1343,295,12,Appalled,compound
1343,1344,1344,299,12,Appalled,compound
1345,1346,1346,302,12,Appalled,compound
1348,1349,1349,315,12,Appalled,compound
1349,1350,1350,316,12,Appalled,compound
1350,1351,1351,318,12,Appalled,compound
1353,1354,1354,327,12,Appalled,compound
1354,1355,1355,328,12,Appalled,compound
1356,1357,1357,334,12,Appalled,compound
1362,1363,1363,356,12,Appalled,compound
1363,1364,1364,361,12,Appalled,compound
1364,1365,1365,363,12,Appalled,compound
1365,1366,1366,364,12,Appalled,compound
1367,1368,1368,369,12,Appalled,compound
1368,1369,1369,370,12,Appalled,compound
1373,1374,1374,384,12,Appalled,compound
1374,1375,1375,386,12,Appalled,compound
1375,1376,1376,388,12,Appalled,compound
1376,1377,1377,390,12,Appalled,compound
1379,1380,1380,123,13,Hatred,compound
1381,1382,1382,127,13,Hatred,compound
1382,1383,1383,129,13,Hatred,compound
1383,1384,1384,130,13,Hatred,compound
1385,1386,1386,132,13,Hatred,compound
1386,1387,1387,140,13,Hatred,compound
1388,1389,1389,172,13,Hatred,compound
1390,1391,1391,176,13,Hatred,compound
1392,1393,1393,179,13,Hatred,compound
1394,1395,1395,182,13,Hatred,compound
1395,1396,1396,184,13,Hatred,compound
1397,1398,1398,189,13,Hatred,compound
1398,1399,1399,191,13,Hatred,compound
1401,1402,1402,197,13,Hatred,compound
1403,1404,1404,203,13,Hatred,compound
1404,1405,1405,208,13,Hatred,compound
1405,1406,1406,212,13,Hatred,compound
1406,1407,1407,213,13,Hatred,compound
1408,1409,1409,219,13,Hatred,compound
1409,1410,1410,220,13,Hatred,compound
1413,1414,1414,228,13,Hatred,compound
1419,1420,1420,250,13,Hatred,compound
1420,1421,1421,251,13,Hatred,compound
1424,1425,1425,262,13,Hatred,compound
1427,1428,1428,269,13,Hatred,compound
1428,1429,1429,270,13,Hatred,compound
1429,1430,1430,271,13,Hatred,compound
1430,1431,1431,272,13,Hatred,compound
1431,1432,1432,274,13,Hatred,compound
1432,1433,1433,280,13,Hatred,compound
1433,1434,1434,281,13,Hatred,compound
1434,1435,1435,283,13,Hatred,compound
1436,1437,1437,285,13,Hatred,compound
1437,1438,1438,286,13,Hatred,compound
1438,1439,1439,288,13,Hatred,compound
1439,1440,1440,289,13,Hatred,compound
1440,1441,1441,290,13,Hatred,compound
1442,1443,1443,293,13,Hatred,compound
1446,1447,1447,302,13,Hatred,compound
1447,1448,1448,304,13,Hatred,compound
1448,1449,1449,307,13,Hatred,compound
1449,1450,1450,314,13,Hatred,compound
1451,1452,1452,318,13,Hatred,compound
1452,1453,1453,319,13,Hatred,compound
1453,1454,1454,331,13,Hatred,compound
1454,1455,1455,333,13,Hatred,compound
1455,1456,1456,335,13,Hatred,compound
1456,1457,1457,341,13,Hatred,compound
1457,1458,1458,343,13,Hatred,compound
1459,1460,1460,346,13,Hatred,compound
1460,1461,1461,348,13,Hatred,compound
1463,1464,1464,352,13,Hatred,compound
1464,1465,1465,355,13,Hatred,compound
1465,1466,1466,356,13,Hatred,compound
1466,1467,1467,360,13,Hatred,compound
1467,1468,1468,362,13,Hatred,compound
1469,1470,1470,364,13,Hatred,compound
1470,1471,1471,365,13,Hatred,compound
1471,1472,1472,373,13,Hatred,compound
1473,1474,1474,377,13,Hatred,compound
1474,1475,1475,378,13,Hatred,compound
1475,1476,1476,380,13,Hatred,compound
1479,1480,1480,384,13,Hatred,compound
1480,1481,1481,386,13,Hatred,compound
1481,1482,1482,387,13,Hatred,compound
1482,1483,1483,389,13,Hatred,compound
1484,1485,1485,109,14,Angrily surprised,compound
1486,1487,1487,111,14,Angrily surprised,compound
1489,1490,1490,119,14,Angrily surprised,compound
1490,1491,1491,121,14,Angrily surprised,compound
1491,1492,1492,122,14,Angrily surprised,compound
1496,1497,1497,140,14,Angrily surprised,compound
1497,1498,1498,141,14,Angrily surprised,compound
1498,1499,1499,142,14,Angrily surprised,compound
1499,1500,1500,144,14,Angrily surprised,compound
1500,1501,1501,148,14,Angrily surprised,compound
1501,1502,1502,175,14,Angrily surprised,compound
1507,1508,1508,183,14,Angrily surprised,compound
1509,1510,1510,187,14,Angrily surprised,compound
1513,1514,1514,194,14,Angrily surprised,compound
1514,1515,1515,196,14,Angrily surprised,compound
1515,1516,1516,197,14,Angrily surprised,compound
1516,1517,1517,198,14,Angrily surprised,compound
1517,1518,1518,201,14,Angrily surprised,compound
1518,1519,1519,203,14,Angrily surprised,compound
1520,1521,1521,206,14,Angrily surprised,compound
1521,1522,1522,207,14,Angrily surprised,compound
1522,1523,1523,208,14,Angrily surprised,compound
1523,1524,1524,210,14,Angrily surprised,compound
1524,1525,1525,211,14,Angrily surprised,compound
1525,1526,1526,214,14,Angrily surprised,compound
1530,1531,1531,225,14,Angrily surprised,compound
1531,1532,1532,227,14,Angrily surprised,compound
1532,1533,1533,228,14,Angrily surprised,compound
1533,1534,1534,229,14,Angrily surprised,compound
1534,1535,1535,231,14,Angrily surprised,compound
1535,1536,1536,233,14,Angrily surprised,compound
1537,1538,1538,236,14,Angrily surprised,compound
1540,1541,1541,242,14,Angrily surprised,compound
1541,1542,1542,253,14,Angrily surprised,compound
1545,1546,1546,263,14,Angrily surprised,compound
1546,1547,1547,264,14,Angrily surprised,compound
1548,1549,1549,267,14,Angrily surprised,compound
1549,1550,1550,269,14,Angrily surprised,compound
1550,1551,1551,273,14,Angrily surprised,compound
1551,1552,1552,277,14,Angrily surprised,compound
1553,1554,1554,281,14,Angrily surprised,compound
1557,1558,1558,285,14,Angrily surprised,compound
1559,1560,1560,290,14,Angrily surprised,compound
1561,1562,1562,295,14,Angrily surprised,compound
1567,1568,1568,306,14,Angrily surprised,compound
1569,1570,1570,310,14,Angrily surprised,compound
1570,1571,1571,313,14,Angrily surprised,compound
1572,1573,1573,315,14,Angrily surprised,compound
1574,1575,1575,320,14,Angrily surprised,compound
1575,1576,1576,323,14,Angrily surprised,compound
1577,1578,1578,327,14,Angrily surprised,compound
1578,1579,1579,332,14,Angrily surprised,compound
1580,1581,1581,334,14,Angrily surprised,compound
1585,1586,1586,344,14,Angrily surprised,compound
1588,1589,1589,349,14,Angrily surprised,compound
1591,1592,1592,353,14,Angrily surprised,compound
1592,1593,1593,355,14,Angrily surprised,compound
1593,1594,1594,359,14,Angrily surprised,compound
1594,1595,1595,365,14,Angrily surprised,compound
1595,1596,1596,366,14,Angrily surprised,compound
1597,1598,1598,369,14,Angrily surprised,compound
1598,1599,1599,375,14,Angrily surprised,compound
1601,1602,1602,383,14,Angrily surprised,compound
1603,1604,1604,388,14,Angrily surprised,compound
1605,1606,1606,393,14,Angrily surprised,compound
1606,1607,1607,111,15,Sadly surprised,compound
1607,1608,1608,121,15,Sadly surprised,compound
1608,1609,1609,122,15,Sadly surprised,compound
1609,1610,1610,123,15,Sadly surprised,compound
1611,1612,1612,126,15,Sadly surprised,compound
1612,1613,1613,127,15,Sadly surprised,compound
1613,1614,1614,130,15,Sadly surprised,compound
1614,1615,1615,134,15,Sadly surprised,compound
1616,1617,1617,141,15,Sadly surprised,compound
1618,1619,1619,144,15,Sadly surprised,compound
1621,1622,1622,183,15,Sadly surprised,compound
1622,1623,1623,187,15,Sadly surprised,compound
1623,1624,1624,188,15,Sadly surprised,compound
1628,1629,1629,194,15,Sadly surprised,compound
1629,1630,1630,195,15,Sadly surprised,compound
1630,1631,1631,196,15,Sadly surprised,compound
1634,1635,1635,203,15,Sadly surprised,compound
1637,1638,1638,209,15,Sadly surprised,compound
1640,1641,1641,222,15,Sadly surprised,compound
1641,1642,1642,224,15,Sadly surprised,compound
1646,1647,1647,250,15,Sadly surprised,compound
1647,1648,1648,251,15,Sadly surprised,compound
1649,1650,1650,253,15,Sadly surprised,compound
1650,1651,1651,254,15,Sadly surprised,compound
1651,1652,1652,265,15,Sadly surprised,compound
1653,1654,1654,268,15,Sadly surprised,compound
1654,1655,1655,269,15,Sadly surprised,compound
1657,1658,1658,278,15,Sadly surprised,compound
1660,1661,1661,286,15,Sadly surprised,compound
1663,1664,1664,296,15,Sadly surprised,compound
1664,1665,1665,298,15,Sadly surprised,compound
1665,1666,1666,299,15,Sadly surprised,compound
1669,1670,1670,314,15,Sadly surprised,compound
1672,1673,1673,322,15,Sadly surprised,compound
1676,1677,1677,340,15,Sadly surprised,compound
1678,1679,1679,343,15,Sadly surprised,compound
1681,1682,1682,349,15,Sadly surprised,compound
1682,1683,1683,350,15,Sadly surprised,compound
1683,1684,1684,351,15,Sadly surprised,compound
1684,1685,1685,352,15,Sadly surprised,compound
1685,1686,1686,353,15,Sadly surprised,compound
1686,1687,1687,355,15,Sadly surprised,compound
1687,1688,1688,356,15,Sadly surprised,compound
1688,1689,1689,359,15,Sadly surprised,compound
1690,1691,1691,361,15,Sadly surprised,compound
1691,1692,1692,363,15,Sadly surprised,compound
1694,1695,1695,377,15,Sadly surprised,compound
1696,1697,1697,382,15,Sadly surprised,compound
1697,1698,1698,384,15,Sadly surprised,compound
1700,1701,1701,391,15,Sadly surprised,compound
1704,1705,1705,119,16,Disgustedly surprised,compound
1711,1712,1712,130,16,Disgustedly surprised,compound
1712,1713,1713,132,16,Disgustedly surprised,compound
1715,1716,1716,140,16,Disgustedly surprised,compound
1716,1717,1717,142,16,Disgustedly surprised,compound
1717,1718,1718,144,16,Disgustedly surprised,compound
1720,1721,1721,175,16,Disgustedly surprised,compound
1721,1722,1722,177,16,Disgustedly surprised,compound
1723,1724,1724,182,16,Disgustedly surprised,compound
1724,1725,1725,185,16,Disgustedly surprised,compound
1726,1727,1727,188,16,Disgustedly surprised,compound
1727,1728,1728,193,16,Disgustedly surprised,compound
1729,1730,1730,199,16,Disgustedly surprised,compound
1732,1733,1733,203,16,Disgustedly surprised,compound
1733,1734,1734,205,16,Disgustedly surprised,compound
1734,1735,1735,206,16,Disgustedly surprised,compound
1737,1738,1738,213,16,Disgustedly surprised,compound
1738,1739,1739,217,16,Disgustedly surprised,compound
1740,1741,1741,221,16,Disgustedly surprised,compound
1741,1742,1742,227,16,Disgustedly surprised,compound
1743,1744,1744,230,16,Disgustedly surprised,compound
1744,1745,1745,231,16,Disgustedly surprised,compound
1748,1749,1749,237,16,Disgustedly surprised,compound
1750,1751,1751,240,16,Disgustedly surprised,compound
1751,1752,1752,243,16,Disgustedly surprised,compound
1754,1755,1755,261,16,Disgustedly surprised,compound
1755,1756,1756,262,16,Disgustedly surprised,compound
1757,1758,1758,269,16,Disgustedly surprised,compound
1760,1761,1761,274,16,Disgustedly surprised,compound
1761,1762,1762,278,16,Disgustedly surprised,compound
1762,1763,1763,280,16,Disgustedly surprised,compound
1763,1764,1764,281,16,Disgustedly surprised,compound
1764,1765,1765,282,16,Disgustedly surprised,compound
1765,1766,1766,283,16,Disgustedly surprised,compound
1766,1767,1767,285,16,Disgustedly surprised,compound
1768,1769,1769,292,16,Disgustedly surprised,compound
1769,1770,1770,293,16,Disgustedly surprised,compound
1770,1771,1771,295,16,Disgustedly surprised,compound
1772,1773,1773,299,16,Disgustedly surprised,compound
1775,1776,1776,304,16,Disgustedly surprised,compound
1776,1777,1777,306,16,Disgustedly surprised,compound
1777,1778,1778,309,16,Disgustedly surprised,compound
1785,1786,1786,323,16,Disgustedly surprised,compound
1786,1787,1787,327,16,Disgustedly surprised,compound
1790,1791,1791,337,16,Disgustedly surprised,compound
1792,1793,1793,339,16,Disgustedly surprised,compound
1793,1794,1794,343,16,Disgustedly surprised,compound
1794,1795,1795,344,16,Disgustedly surprised,compound
1797,1798,1798,349,16,Disgustedly surprised,compound
1799,1800,1800,360,16,Disgustedly surprised,compound
1801,1802,1802,368,16,Disgustedly surprised,compound
1802,1803,1803,369,16,Disgustedly surprised,compound
1804,1805,1805,373,16,Disgustedly surprised,compound
1806,1807,1807,375,16,Disgustedly surprised,compound
1807,1808,1808,376,16,Disgustedly surprised,compound
1808,1809,1809,378,16,Disgustedly surprised,compound
1810,1811,1811,380,16,Disgustedly surprised,compound
1811,1812,1812,382,16,Disgustedly surprised,compound
1812,1813,1813,390,16,Disgustedly surprised,compound
1813,1814,1814,392,16,Disgustedly surprised,compound
1818,1819,1819,116,17,Fearfully surprised,compound
1819,1820,1820,117,17,Fearfully surprised,compound
1820,1821,1821,118,17,Fearfully surprised,compound
1823,1824,1824,123,17,Fearfully surprised,compound
1824,1825,1825,124,17,Fearfully surprised,compound
1825,1826,1826,125,17,Fearfully surprised,compound
1831,1832,1832,142,17,Fearfully surprised,compound
1832,1833,1833,148,17,Fearfully surprised,compound
1833,1834,1834,173,17,Fearfully surprised,compound
1835,1836,1836,176,17,Fearfully surprised,compound
1837,1838,1838,178,17,Fearfully surprised,compound
1838,1839,1839,179,17,Fearfully surprised,compound
1839,1840,1840,182,17,Fearfully surprised,compound
1842,1843,1843,185,17,Fearfully surprised,compound
1843,1844,1844,187,17,Fearfully surprised,compound
1847,1848,1848,192,17,Fearfully surprised,compound
1850,1851,1851,198,17,Fearfully surprised,compound
1852,1853,1853,203,17,Fearfully surprised,compound
1853,1854,1854,207,17,Fearfully surprised,compound
1855,1856,1856,210,17,Fearfully surprised,compound
1856,1857,1857,212,17,Fearfully surprised,compound
1858,1859,1859,216,17,Fearfully surprised,compound
1860,1861,1861,218,17,Fearfully surprised,compound
1861,1862,1862,222,17,Fearfully surprised,compound
1862,1863,1863,223,17,Fearfully surprised,compound
1863,1864,1864,224,17,Fearfully surprised,compound
1864,1865,1865,225,17,Fearfully surprised,compound
1866,1867,1867,229,17,Fearfully surprised,compound
1868,1869,1869,235,17,Fearfully surprised,compound
1869,1870,1870,236,17,Fearfully surprised,compound
1870,1871,1871,237,17,Fearfully surprised,compound
1872,1873,1873,240,17,Fearfully surprised,compound
1873,1874,1874,241,17,Fearfully surprised,compound
1874,1875,1875,243,17,Fearfully surprised,compound
1875,1876,1876,250,17,Fearfully surprised,compound
1880,1881,1881,260,17,Fearfully surprised,compound
1885,1886,1886,266,17,Fearfully surprised,compound
1887,1888,1888,270,17,Fearfully surprised,compound
1888,1889,1889,271,17,Fearfully surprised,compound
1889,1890,1890,273,17,Fearfully surprised,compound
1890,1891,1891,276,17,Fearfully surprised,compound
1891,1892,1892,281,17,Fearfully surprised,compound
1892,1893,1893,282,17,Fearfully surprised,compound
1895,1896,1896,287,17,Fearfully surprised,compound
1897,1898,1898,289,17,Fearfully surprised,compound
1902,1903,1903,300,17,Fearfully surprised,compound
1903,1904,1904,301,17,Fearfully surprised,compound
1906,1907,1907,305,17,Fearfully surprised,compound
1908,1909,1909,311,17,Fearfully surprised,compound
1912,1913,1913,325,17,Fearfully surprised,compound
1914,1915,1915,336,17,Fearfully surprised,compound
1915,1916,1916,337,17,Fearfully surprised,compound
1917,1918,1918,341,17,Fearfully surprised,compound
1919,1920,1920,344,17,Fearfully surprised,compound
1922,1923,1923,349,17,Fearfully surprised,compound
1923,1924,1924,350,17,Fearfully surprised,compound
1924,1925,1925,352,17,Fearfully surprised,compound
1926,1927,1927,355,17,Fearfully surprised,compound
1927,1928,1928,359,17,Fearfully surprised,compound
1929,1930,1930,363,17,Fearfully surprised,compound
1930,1931,1931,364,17,Fearfully surprised,compound
1932,1933,1933,366,17,Fearfully surprised,compound
1934,1935,1935,373,17,Fearfully surprised,compound
1935,1936,1936,374,17,Fearfully surprised,compound
1941,1942,1942,110,18,Awed,compound
1942,1943,1943,117,18,Awed,compound
1944,1945,1945,124,18,Awed,compound
1947,1948,1948,127,18,Awed,compound
1949,1950,1950,129,18,Awed,compound
1950,1951,1951,132,18,Awed,compound
1952,1953,1953,135,18,Awed,compound
1953,1954,1954,144,18,Awed,compound
1954,1955,1955,172,18,Awed,compound
1955,1956,1956,176,18,Awed,compound
1956,1957,1957,182,18,Awed,compound
1959,1960,1960,189,18,Awed,compound
1960,1961,1961,192,18,Awed,compound
1961,1962,1962,195,18,Awed,compound
1962,1963,1963,196,18,Awed,compound
1964,1965,1965,201,18,Awed,compound
1965,1966,1966,203,18,Awed,compound
1967,1968,1968,205,18,Awed,compound
1970,1971,1971,213,18,Awed,compound
1972,1973,1973,218,18,Awed,compound
1973,1974,1974,221,18,Awed,compound
1974,1975,1975,225,18,Awed,compound
1977,1978,1978,230,18,Awed,compound
1982,1983,1983,239,18,Awed,compound
1983,1984,1984,242,18,Awed,compound
1984,1985,1985,243,18,Awed,compound
1985,1986,1986,250,18,Awed,compound
1986,1987,1987,252,18,Awed,compound
1987,1988,1988,253,18,Awed,compound
1989,1990,1990,259,18,Awed,compound
1990,1991,1991,260,18,Awed,compound
1991,1992,1992,262,18,Awed,compound
1992,1993,1993,265,18,Awed,compound
1994,1995,1995,267,18,Awed,compound
1995,1996,1996,272,18,Awed,compound
1999,2000,2000,283,18,Awed,compound
2001,2002,2002,287,18,Awed,compound
2002,2003,2003,288,18,Awed,compound
2003,2004,2004,289,18,Awed,compound
2004,2005,2005,295,18,Awed,compound
2005,2006,2006,296,18,Awed,compound
2007,2008,2008,300,18,Awed,compound
2008,2009,2009,303,18,Awed,compound
2009,2010,2010,305,18,Awed,compound
2010,2011,2011,309,18,Awed,compound
2012,2013,2013,312,18,Awed,compound
2013,2014,2014,313,18,Awed,compound
2014,2015,2015,314,18,Awed,compound
2017,2018,2018,318,18,Awed,compound
2018,2019,2019,319,18,Awed,compound
2020,2021,2021,327,18,Awed,compound
2026,2027,2027,347,18,Awed,compound
2028,2029,2029,351,18,Awed,compound
2029,2030,2030,357,18,Awed,compound
2030,2031,2031,359,18,Awed,compound
2032,2033,2033,365,18,Awed,compound
2033,2034,2034,366,18,Awed,compound
2035,2036,2036,368,18,Awed,compound
2037,2038,2038,370,18,Awed,compound
2038,2039,2039,374,18,Awed,compound
2041,2042,2042,378,18,Awed,compound
2044,2045,2045,389,18,Awed,compound
2045,2046,2046,391,18,Awed,compound
2046,2047,2047,393,18,Awed,compound
2047,2048,2048,115,19,Sadly fearful,compound
2048,2049,2049,117,19,Sadly fearful,compound
2051,2052,2052,124,19,Sadly fearful,compound
2052,2053,2053,125,19,Sadly fearful,compound
2053,2054,2054,127,19,Sadly fearful,compound
2055,2056,2056,133,19,Sadly fearful,compound
2057,2058,2058,140,19,Sadly fearful,compound
2060,2061,2061,176,19,Sadly fearful,compound
2061,2062,2062,180,19,Sadly fearful,compound
2063,2064,2064,189,19,Sadly fearful,compound
2064,2065,2065,190,19,Sadly fearful,compound
2065,2066,2066,195,19,Sadly fearful,compound
2066,2067,2067,199,19,Sadly fearful,compound
2067,2068,2068,200,19,Sadly fearful,compound
2068,2069,2069,201,19,Sadly fearful,compound
2071,2072,2072,206,19,Sadly fearful,compound
2072,2073,2073,207,19,Sadly fearful,compound
2073,2074,2074,209,19,Sadly fearful,compound
2075,2076,2076,213,19,Sadly fearful,compound
2077,2078,2078,222,19,Sadly fearful,compound
2080,2081,2081,232,19,Sadly fearful,compound
2082,2083,2083,234,19,Sadly fearful,compound
2083,2084,2084,238,19,Sadly fearful,compound
2084,2085,2085,239,19,Sadly fearful,compound
2085,2086,2086,250,19,Sadly fearful,compound
2088,2089,2089,254,19,Sadly fearful,compound
2092,2093,2093,259,19,Sadly fearful,compound
2093,2094,2094,260,19,Sadly fearful,compound
2095,2096,2096,262,19,Sadly fearful,compound
2097,2098,2098,264,19,Sadly fearful,compound
2098,2099,2099,265,19,Sadly fearful,compound
2100,2101,2101,269,19,Sadly fearful,compound
2103,2104,2104,282,19,Sadly fearful,compound
2104,2105,2105,284,19,Sadly fearful,compound
2105,2106,2106,286,19,Sadly fearful,compound
2107,2108,2108,293,19,Sadly fearful,compound
2109,2110,2110,296,19,Sadly fearful,compound
2110,2111,2111,298,19,Sadly fearful,compound
2112,2113,2113,300,19,Sadly fearful,compound
2113,2114,2114,303,19,Sadly fearful,compound
2114,2115,2115,307,19,Sadly fearful,compound
2116,2117,2117,310,19,Sadly fearful,compound
2117,2118,2118,313,19,Sadly fearful,compound
2118,2119,2119,318,19,Sadly fearful,compound
2119,2120,2120,319,19,Sadly fearful,compound
2120,2121,2121,320,19,Sadly fearful,compound
2121,2122,2122,323,19,Sadly fearful,compound
2122,2123,2123,325,19,Sadly fearful,compound
2124,2125,2125,333,19,Sadly fearful,compound
2126,2127,2127,335,19,Sadly fearful,compound
2128,2129,2129,337,19,Sadly fearful,compound
2130,2131,2131,340,19,Sadly fearful,compound
2132,2133,2133,346,19,Sadly fearful,compound
2134,2135,2135,348,19,Sadly fearful,compound
2137,2138,2138,352,19,Sadly fearful,compound
2139,2140,2140,360,19,Sadly fearful,compound
2142,2143,2143,365,19,Sadly fearful,compound
2145,2146,2146,369,19,Sadly fearful,compound
2146,2147,2147,370,19,Sadly fearful,compound
2148,2149,2149,376,19,Sadly fearful,compound
2149,2150,2150,377,19,Sadly fearful,compound
2150,2151,2151,378,19,Sadly fearful,compound
2151,2152,2152,379,19,Sadly fearful,compound
2152,2153,2153,380,19,Sadly fearful,compound
2153,2154,2154,382,19,Sadly fearful,compound
2154,2155,2155,384,19,Sadly fearful,compound
2155,2156,2156,388,19,Sadly fearful,compound
2156,2157,2157,390,19,Sadly fearful,compound
2157,2158,2158,391,19,Sadly fearful,compound
2159,2160,2160,111,20,Fearfully disgusted,compound
2160,2161,2161,114,20,Fearfully disgusted,compound
2163,2164,2164,121,20,Fearfully disgusted,compound
2168,2169,2169,129,20,Fearfully disgusted,compound
2169,2170,2170,130,20,Fearfully disgusted,compound
2171,2172,2172,132,20,Fearfully disgusted,compound
2173,2174,2174,141,20,Fearfully disgusted,compound
2174,2175,2175,144,20,Fearfully disgusted,compound
2175,2176,2176,176,20,Fearfully disgusted,compound
2176,2177,2177,178,20,Fearfully disgusted,compound
2178,2179,2179,185,20,Fearfully disgusted,compound
2179,2180,2180,194,20,Fearfully disgusted,compound
2182,2183,2183,199,20,Fearfully disgusted,compound
2184,2185,2185,201,20,Fearfully disgusted,compound
2187,2188,2188,215,20,Fearfully disgusted,compound
2190,2191,2191,219,20,Fearfully disgusted,compound
2194,2195,2195,226,20,Fearfully disgusted,compound
2196,2197,2197,231,20,Fearfully disgusted,compound
2200,2201,2201,243,20,Fearfully disgusted,compound
2202,2203,2203,253,20,Fearfully disgusted,compound
2206,2207,2207,263,20,Fearfully disgusted,compound
2207,2208,2208,264,20,Fearfully disgusted,compound
2208,2209,2209,265,20,Fearfully disgusted,compound
2210,2211,2211,269,20,Fearfully disgusted,compound
2212,2213,2213,277,20,Fearfully disgusted,compound
2213,2214,2214,279,20,Fearfully disgusted,compound
2218,2219,2219,289,20,Fearfully disgusted,compound
2219,2220,2220,292,20,Fearfully disgusted,compound
2220,2221,2221,293,20,Fearfully disgusted,compound
2223,2224,2224,296,20,Fearfully disgusted,compound
2225,2226,2226,300,20,Fearfully disgusted,compound
2229,2230,2230,305,20,Fearfully disgusted,compound
2230,2231,2231,306,20,Fearfully disgusted,compound
2231,2232,2232,309,20,Fearfully disgusted,compound
2233,2234,2234,312,20,Fearfully disgusted,compound
2234,2235,2235,313,20,Fearfully disgusted,compound
2237,2238,2238,320,20,Fearfully disgusted,compound
2240,2241,2241,326,20,Fearfully disgusted,compound
2241,2242,2242,331,20,Fearfully disgusted,compound
2242,2243,2243,339,20,Fearfully disgusted,compound
2244,2245,2245,341,20,Fearfully disgusted,compound
2247,2248,2248,351,20,Fearfully disgusted,compound
2249,2250,2250,353,20,Fearfully disgusted,compound
2250,2251,2251,355,20,Fearfully disgusted,compound
2253,2254,2254,361,20,Fearfully disgusted,compound
2256,2257,2257,365,20,Fearfully disgusted,compound
2258,2259,2259,369,20,Fearfully disgusted,compound
2260,2261,2261,374,20,Fearfully disgusted,compound
2262,2263,2263,377,20,Fearfully disgusted,compound
2266,2267,2267,382,20,Fearfully disgusted,compound
2267,2268,2268,384,20,Fearfully disgusted,compound
2269,2270,2270,387,20,Fearfully disgusted,compound
2270,2271,2271,388,20,Fearfully disgusted,compound
2272,2273,2273,392,20,Fearfully disgusted,compound
2274,2275,2275,113,21,Fearfully angry,compound
2275,2276,2276,118,21,Fearfully angry,compound
2276,2277,2277,121,21,Fearfully angry,compound
2282,2283,2283,128,21,Fearfully angry,compound
2283,2284,2284,130,21,Fearfully angry,compound
2284,2285,2285,131,21,Fearfully angry,compound
2285,2286,2286,133,21,Fearfully angry,compound
2286,2287,2287,134,21,Fearfully angry,compound
2287,2288,2288,176,21,Fearfully angry,compound
2289,2290,2290,181,21,Fearfully angry,compound
2291,2292,2292,184,21,Fearfully angry,compound
2293,2294,2294,191,21,Fearfully angry,compound
2299,2300,2300,202,21,Fearfully angry,compound
2301,2302,2302,205,21,Fearfully angry,compound
2303,2304,2304,208,21,Fearfully angry,compound
2305,2306,2306,212,21,Fearfully angry,compound
2306,2307,2307,214,21,Fearfully angry,compound
2307,2308,2308,216,21,Fearfully angry,compound
2309,2310,2310,220,21,Fearfully angry,compound
2310,2311,2311,221,21,Fearfully angry,compound
2312,2313,2313,226,21,Fearfully angry,compound
2313,2314,2314,227,21,Fearfully angry,compound
2314,2315,2315,228,21,Fearfully angry,compound
2315,2316,2316,229,21,Fearfully angry,compound
2316,2317,2317,230,21,Fearfully angry,compound
2319,2320,2320,233,21,Fearfully angry,compound
2320,2321,2321,234,21,Fearfully angry,compound
2321,2322,2322,235,21,Fearfully angry,compound
2323,2324,2324,237,21,Fearfully angry,compound
2325,2326,2326,250,21,Fearfully angry,compound
2327,2328,2328,252,21,Fearfully angry,compound
2329,2330,2330,254,21,Fearfully angry,compound
2330,2331,2331,255,21,Fearfully angry,compound
2331,2332,2332,258,21,Fearfully angry,compound
2333,2334,2334,260,21,Fearfully angry,compound
2337,2338,2338,265,21,Fearfully angry,compound
2338,2339,2339,270,21,Fearfully angry,compound
2339,2340,2340,271,21,Fearfully angry,compound
2342,2343,2343,283,21,Fearfully angry,compound
2343,2344,2344,284,21,Fearfully angry,compound
2344,2345,2345,287,21,Fearfully angry,compound
2346,2347,2347,292,21,Fearfully angry,compound
2349,2350,2350,296,21,Fearfully angry,compound
2353,2354,2354,305,21,Fearfully angry,compound
2354,2355,2355,306,21,Fearfully angry,compound
2355,2356,2356,311,21,Fearfully angry,compound
2356,2357,2357,316,21,Fearfully angry,compound
2357,2358,2358,322,21,Fearfully angry,compound
2358,2359,2359,323,21,Fearfully angry,compound
2364,2365,2365,341,21,Fearfully angry,compound
2365,2366,2366,343,21,Fearfully angry,compound
2367,2368,2368,346,21,Fearfully angry,compound
2368,2369,2369,348,21,Fearfully angry,compound
2369,2370,2370,350,21,Fearfully angry,compound
2371,2372,2372,352,21,Fearfully angry,compound
2372,2373,2373,353,21,Fearfully angry,compound
2380,2381,2381,370,21,Fearfully angry,compound
2381,2382,2382,373,21,Fearfully angry,compound
2384,2385,2385,377,21,Fearfully angry,compound
2385,2386,2386,380,21,Fearfully angry,compound
2386,2387,2387,382,21,Fearfully angry,compound
2387,2388,2388,387,21,Fearfully angry,compound
2388,2389,2389,388,21,Fearfully angry,compound
2390,2391,2391,110,22,Sadly disgusted,compound
2391,2392,2392,113,22,Sadly disgusted,compound
2394,2395,2395,117,22,Sadly disgusted,compound
2395,2396,2396,121,22,Sadly disgusted,compound
2396,2397,2397,125,22,Sadly disgusted,compound
2401,2402,2402,133,22,Sadly disgusted,compound
2403,2404,2404,140,22,Sadly disgusted,compound
2405,2406,2406,144,22,Sadly disgusted,compound
2406,2407,2407,148,22,Sadly disgusted,compound
2409,2410,2410,182,22,Sadly disgusted,compound
2411,2412,2412,185,22,Sadly disgusted,compound
2412,2413,2413,187,22,Sadly disgusted,compound
2413,2414,2414,195,22,Sadly disgusted,compound
2417,2418,2418,206,22,Sadly disgusted,compound
2418,2419,2419,208,22,Sadly disgusted,compound
2419,2420,2420,211,22,Sadly disgusted,compound
2422,2423,2423,221,22,Sadly disgusted,compound
2424,2425,2425,223,22,Sadly disgusted,compound
2425,2426,2426,227,22,Sadly disgusted,compound
2429,2430,2430,233,22,Sadly disgusted,compound
2430,2431,2431,235,22,Sadly disgusted,compound
2432,2433,2433,241,22,Sadly disgusted,compound
2438,2439,2439,262,22,Sadly disgusted,compound
2440,2441,2441,269,22,Sadly disgusted,compound
2441,2442,2442,270,22,Sadly disgusted,compound
2443,2444,2444,277,22,Sadly disgusted,compound
2444,2445,2445,278,22,Sadly disgusted,compound
2445,2446,2446,280,22,Sadly disgusted,compound
2446,2447,2447,282,22,Sadly disgusted,compound
2447,2448,2448,283,22,Sadly disgusted,compound
2450,2451,2451,288,22,Sadly disgusted,compound
2451,2452,2452,292,22,Sadly disgusted,compound
2452,2453,2453,293,22,Sadly disgusted,compound
2454,2455,2455,298,22,Sadly disgusted,compound
2456,2457,2457,302,22,Sadly disgusted,compound
2459,2460,2460,311,22,Sadly disgusted,compound
2460,2461,2461,312,22,Sadly disgusted,compound
2461,2462,2462,314,22,Sadly disgusted,compound
2462,2463,2463,318,22,Sadly disgusted,compound
2464,2465,2465,322,22,Sadly disgusted,compound
2465,2466,2466,325,22,Sadly disgusted,compound
2475,2476,2476,343,22,Sadly disgusted,compound
2476,2477,2477,345,22,Sadly disgusted,compound
2477,2478,2478,346,22,Sadly disgusted,compound
2481,2482,2482,352,22,Sadly disgusted,compound
2483,2484,2484,355,22,Sadly disgusted,compound
2484,2485,2485,361,22,Sadly disgusted,compound
2486,2487,2487,365,22,Sadly disgusted,compound
2487,2488,2488,367,22,Sadly disgusted,compound
2489,2490,2490,369,22,Sadly disgusted,compound
2492,2493,2493,377,22,Sadly disgusted,compound
2497,2498,2498,391,22,Sadly disgusted,compound
2498,2499,2499,392,22,Sadly disgusted,compound
2499,2500,2500,393,22,Sadly disgusted,compound
